SpielTyp;Spielstatus;Bezeichnung;Spielnummer;TagKurz;Spieldatum;Spielzeit;Teamname A;TeamLiga A;Vereinsnummer A;Teamname B;TeamLiga B;Vereinsnummer B;Spielort;Sportanlage;Ort;Wettspielfeld;
"Trainingsspiele";"Spiel findet nicht statt (keine Neuansetzung)";"";"704402";"Sa";"08.08.2020";"11:00";"FC Länggasse a";"Jun.D/9";"10311";"Sense Mitte (5001) a";"J D/9 3/3";"5001";"Länggasse, Bern - Fussballfeld Länggasse";"Länggasse";"Bern";"Fussballfeld Länggasse";
"Trainingsspiele";"";"";"703285";"Sa";"08.08.2020";"14:00";"FC Langnau";"2.";"10401";"FC Länggasse";"2.";"10311";"Moos Langnau iE, Langnau - Hauptplatz";"Moos Langnau iE";"Langnau";"Hauptplatz";
"Trainingsspiele";"";"";"704237";"Sa";"08.08.2020";"15:00";"SCI Esperia 1927";"Jun.C 2/S";"10362";"FC Länggasse b";"Jun.C 2/S";"10311";"Murifeld, Bern - Fussballfeld Murifeld";"Murifeld";"Bern";"Fussballfeld Murifeld";
"Trainingsspiele";"";"";"705060";"Sa";"08.08.2020";"18:00";"FC Wabern";"4.";"10382";"FC Länggasse";"4.";"10311";"Lerbermatt, Köniz/Wabern - Hauptplatz";"Lerbermatt";"Köniz/Wabern";"Hauptplatz";
"Trainingsspiele";"";"";"705062";"Sa";"08.08.2020";"19:00";"FC Länggasse";"4.";"10311";"SC Thörishaus";"4.";"10381";"Lerbermatt, Köniz/Wabern - Hauptplatz";"Lerbermatt";"Köniz/Wabern";"Hauptplatz";
"Trainingsspiele";"";"";"703166";"Sa";"08.08.2020";"19:00";"FC Breitenrain";"3.";"10330";"FC Länggasse";"3.";"10311";"Spitalacker, Bern - Kunstrasenfeld Spitalacker";"Spitalacker";"Bern";"Kunstrasenfeld Spitalacker";
"Trainingsspiele";"";"";"703918";"So";"09.08.2020";"10:30";"FC Bethlehem BE";"Jun.C 2/S";"10393";"FC Länggasse b";"Jun.C 2/S";"10311";"Brünnen, Bern - Fussballfeld Brünnen 1";"Brünnen";"Bern";"Fussballfeld Brünnen 1";
"Trainingsspiele";"";"";"708604";"So";"09.08.2020";"11:30";"FC Wyler";"Jun.B 1/S";"10308";"FC Länggasse";"Jun.B 2/S";"10311";"Wyler, Bern - Kunstrasenfeld Wyler";"Wyler";"Bern";"Kunstrasenfeld Wyler";
"Trainingsspiele";"";"";"703854";"So";"09.08.2020";"15:00";"FC Länggasse";"3.LF";"10311";"SC Münchenbuchsee";"4.LF";"10314";"Stadion Neufeld, Bern - Kunstrasenfeld Neufeld 1";"Stadion Neufeld";"Bern";"Kunstrasenfeld Neufeld 1";
"Meisterschaft";"";"Junioren C 2. Stärkeklasse / Herbstrunde / Gruppe  3";"112535";"Mi";"12.08.2020";"18:30";"FC Länggasse b";"Jun.C 2/S";"10311";"FC Schüpfen";"Jun.C 2/S";"10321";"Länggasse, Bern - Fussballfeld Länggasse";"Länggasse";"Bern";"Fussballfeld Länggasse";
"Cup";"";"Berner Cup - Junioren C - Runde  1";"511167";"Mi";"12.08.2020";"18:30";"BSC YB-Frauen U-15";"Jun.C 2/S";"10701";"FC Länggasse a";"Jun.C 1/S";"10311";"Stadion Neufeld, Bern - Kunstrasenfeld Neufeld 2";"Stadion Neufeld";"Bern";"Kunstrasenfeld Neufeld 2";
"Cup";"";"Berner Cup - Junioren B - Runde  1";"511147";"Mi";"12.08.2020";"20:15";"FC Länggasse";"Jun.B 2/S";"10311";"FC Dürrenast a";"Jun.B P";"10507";"Stadion Neufeld, Bern - Fussballfeld Stadion Neufeld 1";"Stadion Neufeld";"Bern";"Fussballfeld Stadion Neufeld 1";
"Meisterschaft";"";"Junioren D/9 / MFV - Stkl. 2 - Herbstrunde / Gruppe  1";"126354";"Sa";"15.08.2020";"11:00";"SC Bümpliz 78 a";"Jun.D/9";"10303";"FC Länggasse a";"Jun.D/9";"10311";"Bodenweid, Bern - Kunstrasenfeld Bodenweid 1";"Bodenweid";"Bern";"Kunstrasenfeld Bodenweid 1";
"Meisterschaft";"";"Junioren C 1. Stärkeklasse / Herbstrunde / Gruppe  2";"111634";"Sa";"15.08.2020";"13:00";"AS Italiana";"Jun.C 1/S";"10333";"FC Länggasse a";"Jun.C 1/S";"10311";"Weissenstein, Bern - Fussballfeld Weissenstein 3";"Weissenstein";"Bern";"Fussballfeld Weissenstein 3";
"Cup";"";"Berner Cup - Senioren 30+ - Runde  1";"511272";"Sa";"15.08.2020";"14:00";"FC Länggasse";"Sen.30+";"10311";"FC EDO Simme";"Sen.30+";"10521";"Länggasse, Bern - Fussballfeld Länggasse";"Länggasse";"Bern";"Fussballfeld Länggasse";
"Meisterschaft";"";"2. Liga / Regional / Gruppe  1";"111671";"Sa";"15.08.2020";"16:00";"FC Weissenstein Bern";"2.";"10323";"FC Länggasse";"2.";"10311";"Weissenstein, Bern - Fussballfeld Weissenstein 1";"Weissenstein";"Bern";"Fussballfeld Weissenstein 1";
"Cup";"";"Berner Cup - Frauen - Runde  1";"511532";"Sa";"15.08.2020";"19:45";"FC Roggwil / Steckholz";"4.LF";"10410";"FC Länggasse";"3.LF";"10311";"Bossloch, Roggwil - Hauptplatz";"Bossloch";"Roggwil";"Hauptplatz";
"Meisterschaft";"";"3. Liga / - / Gruppe  5";"117495";"So";"16.08.2020";"10:15";"SC Grafenried";"3.";"10307";"FC Länggasse";"3.";"10311";"Riedweg, Grafenried - Süd";"Riedweg";"Grafenried";"Süd";
"Meisterschaft";"";"4. Liga / - / Gruppe  4";"116665";"So";"16.08.2020";"11:00";"FC Köniz";"4.";"10309";"FC Länggasse";"4.";"10311";"Oberstufenzentrum Köniz, Köniz - Hauptplatz";"Oberstufenzentrum Köniz";"Köniz";"Hauptplatz";
"Trainingsspiele";"";"";"711692";"So";"16.08.2020";"12:30";"FC Länggasse b";"Jun.C 2/S";"10311";"FC Wyler c";"Jun.C 2/S";"10308";"Länggasse, Bern - Fussballfeld Länggasse";"Länggasse";"Bern";"Fussballfeld Länggasse";
"Meisterschaft";"";"Junioren B 2. Stärkeklasse / Herbstrunde / Gruppe  2";"112390";"So";"16.08.2020";"13:00";"Team Chiesetau b";"Jun.B 2/S";"10515";"FC Länggasse";"Jun.B 2/S";"10311";"Mutti, Biglen - Hauptplatz";"Mutti";"Biglen";"Hauptplatz";
"Meisterschaft";"";"Junioren D/9 / MFV - Stkl. 2 - Herbstrunde / Gruppe  1";"126358";"Sa";"22.08.2020";"11:30";"FC Länggasse a";"Jun.D/9";"10311";"FC Bethlehem BE a";"Jun.D/9";"10393";"Länggasse, Bern - Fussballfeld Länggasse";"Länggasse";"Bern";"Fussballfeld Länggasse";
"Meisterschaft";"";"Juniorinnen FF-12 / Herbstrunde / -";"113880";"Sa";"22.08.2020";"13:45";"FC Spiez";"FF-12";"10505";"FC Länggasse";"FF-12";"10311";"ABC-Zentrum, Spiez - Hauptplatz";"ABC-Zentrum";"Spiez";"Hauptplatz";
"Meisterschaft";"";"Senioren 30+ / MFV - Herbstrunde / Gruppe  2";"119196";"Sa";"22.08.2020";"14:00";"FC Länggasse";"Sen.30+";"10311";"FC Sternenberg";"Sen.30+";"10397";"Länggasse, Bern - Fussballfeld Länggasse";"Länggasse";"Bern";"Fussballfeld Länggasse";
"Meisterschaft";"";"3. Liga / - / Gruppe  5";"117502";"Sa";"22.08.2020";"16:30";"FC Länggasse";"3.";"10311";"FC Ins";"3.";"10213";"Länggasse, Bern - Fussballfeld Länggasse";"Länggasse";"Bern";"Fussballfeld Länggasse";
"Meisterschaft";"";"Junioren D/9 / MFV - Stkl. 3 - Herbstrunde / Gruppe  2";"126569";"So";"23.08.2020";"10:00";"FC Länggasse b";"Jun.D/9";"10311";"FC Breitenrain c";"Jun.D/9";"10330";"Länggasse, Bern - Fussballfeld Länggasse";"Länggasse";"Bern";"Fussballfeld Länggasse";
"Meisterschaft";"";"2. Liga / Regional / Gruppe  1";"111678";"So";"23.08.2020";"10:00";"FC Länggasse";"2.";"10311";"SV Meiringen";"2.";"10502";"Stadion Neufeld, Bern - Kunstrasenfeld Neufeld 1";"Stadion Neufeld";"Bern";"Kunstrasenfeld Neufeld 1";
"Meisterschaft";"";"Junioren C 2. Stärkeklasse / Herbstrunde / Gruppe  3";"112540";"So";"23.08.2020";"12:30";"FC Länggasse b";"Jun.C 2/S";"10311";"SC Worb c";"Jun.C 2/S";"10328";"Viererfeld, Bern - Fussballfeld Viererfeld";"Viererfeld";"Bern";"Fussballfeld Viererfeld";
"Meisterschaft";"";"4. Liga / - / Gruppe  4";"116674";"So";"23.08.2020";"12:30";"FC Länggasse";"4.";"10311";"FC Wyler a";"4.";"10308";"Länggasse, Bern - Fussballfeld Länggasse";"Länggasse";"Bern";"Fussballfeld Länggasse";
"Meisterschaft";"";"Frauen 3. Liga / - / Gruppe  1";"113494";"So";"23.08.2020";"12:30";"FC Länggasse";"3.LF";"10311";"Oberemmental 05";"3.LF";"10401";"Stadion Neufeld, Bern - Kunstrasenfeld Neufeld 1";"Stadion Neufeld";"Bern";"Kunstrasenfeld Neufeld 1";
"Meisterschaft";"";"Junioren B 2. Stärkeklasse / Herbstrunde / Gruppe  2";"112393";"So";"23.08.2020";"15:00";"FC Länggasse";"Jun.B 2/S";"10311";"FC Wabern";"Jun.B 2/S";"10382";"Länggasse, Bern - Fussballfeld Länggasse";"Länggasse";"Bern";"Fussballfeld Länggasse";
"Meisterschaft";"";"Junioren C 1. Stärkeklasse / Herbstrunde / Gruppe  2";"111638";"So";"23.08.2020";"15:00";"FC Länggasse a";"Jun.C 1/S";"10311";"Team Grauholz b";"Jun.C 1/S";"10335";"Stadion Neufeld, Bern - Kunstrasenfeld Neufeld 1";"Stadion Neufeld";"Bern";"Kunstrasenfeld Neufeld 1";
"Meisterschaft";"";"Senioren 30+ / MFV - Herbstrunde / Gruppe  2";"119197";"Mi";"26.08.2020";"18:45";"FC Länggasse";"Sen.30+";"10311";"SC Worb";"Sen.30+";"10328";"Länggasse, Bern - Fussballfeld Länggasse";"Länggasse";"Bern";"Fussballfeld Länggasse";
"Trainingsspiele";"";"";"711670";"Mi";"26.08.2020";"19:30";"FC Wünnewil-Flamatt";"Jun.C";"5142";"FC Länggasse b";"Jun.C 2/S";"10311";"Stadium "Au" - Flamatt, Austrasse7, Flamatt - Hauptplatz";"Stadium "Au" - Flamatt";"Austrasse7, Flamatt";"Hauptplatz";
"Meisterschaft";"";"Junioren D/9 / MFV - Stkl. 2 - Herbstrunde / Gruppe  1";"126362";"Sa";"29.08.2020";"10:30";"SC Jegenstorf a";"Jun.D/9";"10343";"FC Länggasse a";"Jun.D/9";"10311";"Gyrisberg, Jegenstorf - Nebenplatz GyrisbergSpielwiese";"Gyrisberg";"Jegenstorf";"Nebenplatz GyrisbergSpielwiese";
"Meisterschaft";"";"Junioren D/9 / MFV - Stkl. 3 - Herbstrunde / Gruppe  2";"126570";"Sa";"29.08.2020";"11:15";"FC Bolligen b";"Jun.D/9";"10346";"FC Länggasse b";"Jun.D/9";"10311";"Sportplatz Wegmühle, Bolligen - Hauptplatz";"Sportplatz Wegmühle";"Bolligen";"Hauptplatz";
"Meisterschaft";"";"Junioren C 1. Stärkeklasse / Herbstrunde / Gruppe  2";"111643";"Sa";"29.08.2020";"13:00";"SC Jegenstorf";"Jun.C 1/S";"10343";"FC Länggasse a";"Jun.C 1/S";"10311";"Gyrisberg, Jegenstorf - Hauptplatz Gyrisberg";"Gyrisberg";"Jegenstorf";"Hauptplatz Gyrisberg";
"Meisterschaft";"";"2. Liga / Regional / Gruppe  1";"111684";"Sa";"29.08.2020";"17:00";"FC Steffisburg";"2.";"10513";"FC Länggasse";"2.";"10311";"Eichfeld, Steffisburg - Hauptplatz";"Eichfeld";"Steffisburg";"Hauptplatz";
"Meisterschaft";"";"4. Liga / - / Gruppe  4";"116678";"So";"30.08.2020";"10:00";"FC Weissenstein Bern";"4.";"10323";"FC Länggasse";"4.";"10311";"Weissenstein, Bern - Fussballfeld Weissenstein 1";"Weissenstein";"Bern";"Fussballfeld Weissenstein 1";
"Meisterschaft";"";"3. Liga / - / Gruppe  5";"117508";"So";"30.08.2020";"10:15";"FC Aarberg";"3.";"10201";"FC Länggasse";"3.";"10311";"Aarolina, Aarberg - Hauptplatz";"Aarolina";"Aarberg";"Hauptplatz";
"Meisterschaft";"";"Frauen 3. Liga / - / Gruppe  1";"113497";"So";"30.08.2020";"11:00";"FC Spiez";"3.LF";"10505";"FC Länggasse";"3.LF";"10311";"ABC-Zentrum, Spiez - Hauptplatz";"ABC-Zentrum";"Spiez";"Hauptplatz";
"Meisterschaft";"";"Junioren C 2. Stärkeklasse / Herbstrunde / Gruppe  3";"112542";"So";"30.08.2020";"12:30";"FC Länggasse b";"Jun.C 2/S";"10311";"FC Wabern b";"Jun.C 2/S";"10382";"Länggasse, Bern - Fussballfeld Länggasse";"Länggasse";"Bern";"Fussballfeld Länggasse";
"Meisterschaft";"";"Junioren B 2. Stärkeklasse / Herbstrunde / Gruppe  2";"112401";"So";"30.08.2020";"15:30";"FC Bolligen";"Jun.B 2/S";"10346";"FC Länggasse";"Jun.B 2/S";"10311";"Sportplatz Wegmühle, Bolligen - Hauptplatz";"Sportplatz Wegmühle";"Bolligen";"Hauptplatz";
"Meisterschaft";"";"Senioren 30+ / MFV - Herbstrunde / Gruppe  2";"119203";"Sa";"05.09.2020";"14:00";"FC Länggasse";"Sen.30+";"10311";"NK Tomislavgrad Bern";"Sen.30+";"10392";"Länggasse, Bern - Fussballfeld Länggasse";"Länggasse";"Bern";"Fussballfeld Länggasse";
"Meisterschaft";"";"Junioren B 2. Stärkeklasse / Herbstrunde / Gruppe  2";"112402";"Sa";"05.09.2020";"15:00";"SC Grafenried";"Jun.B 2/S";"10307";"FC Länggasse";"Jun.B 2/S";"10311";"Riedweg, Grafenried - Süd";"Riedweg";"Grafenried";"Süd";
"Meisterschaft";"";"Junioren D/9 / MFV - Stkl. 2 - Herbstrunde / Gruppe  1";"126366";"Sa";"05.09.2020";"16:30";"FC Länggasse a";"Jun.D/9";"10311";"FC Ostermundigen b";"Jun.D/9";"10317";"Länggasse, Bern - Fussballfeld Länggasse";"Länggasse";"Bern";"Fussballfeld Länggasse";
"Meisterschaft";"";"3. Liga / - / Gruppe  5";"117513";"Sa";"05.09.2020";"16:30";"FC Länggasse";"3.";"10311";"SV Lyss";"3.";"10215";"Stadion Neufeld, Bern - Kunstrasenfeld Neufeld 1";"Stadion Neufeld";"Bern";"Kunstrasenfeld Neufeld 1";
"Meisterschaft";"";"Junioren D/9 / MFV - Stkl. 3 - Herbstrunde / Gruppe  2";"126574";"So";"06.09.2020";"10:00";"FC Länggasse b";"Jun.D/9";"10311";"FC Gerzensee";"Jun.D/9";"10380";"Länggasse, Bern - Fussballfeld Länggasse";"Länggasse";"Bern";"Fussballfeld Länggasse";
"Meisterschaft";"";"2. Liga / Regional / Gruppe  1";"111689";"So";"06.09.2020";"10:00";"FC Länggasse";"2.";"10311";"FC Bern 1894";"2.";"10302";"Stadion Neufeld, Bern - Kunstrasenfeld Neufeld 1";"Stadion Neufeld";"Bern";"Kunstrasenfeld Neufeld 1";
"Meisterschaft";"";"Juniorinnen FF-12 / Herbstrunde / -";"113886";"So";"06.09.2020";"12:30";"FC Länggasse";"FF-12";"10311";"FC Ostermundigen b";"FF-12";"10317";"Länggasse, Bern - Fussballfeld Länggasse";"Länggasse";"Bern";"Fussballfeld Länggasse";
"Meisterschaft";"";"Junioren C 2. Stärkeklasse / Herbstrunde / Gruppe  3";"112549";"So";"06.09.2020";"13:00";"FC Ostermundigen b";"Jun.C 2/S";"10317";"FC Länggasse b";"Jun.C 2/S";"10311";"Oberfeld, Ostermundigen - Hauptplatz";"Oberfeld";"Ostermundigen";"Hauptplatz";
"Meisterschaft";"";"Junioren C 1. Stärkeklasse / Herbstrunde / Gruppe  2";"111645";"So";"06.09.2020";"15:00";"FC Länggasse a";"Jun.C 1/S";"10311";"FC Bolligen";"Jun.C 1/S";"10346";"Stadion Neufeld, Bern - Kunstrasenfeld Neufeld 1";"Stadion Neufeld";"Bern";"Kunstrasenfeld Neufeld 1";
"Meisterschaft";"";"Frauen 3. Liga / - / Gruppe  1";"113501";"So";"06.09.2020";"15:00";"FC Länggasse";"3.LF";"10311";"SC Thörishaus";"3.LF";"10381";"Stadion Neufeld, Bern - Kunstrasenfeld Neufeld 2";"Stadion Neufeld";"Bern";"Kunstrasenfeld Neufeld 2";
"Meisterschaft";"";"4. Liga / - / Gruppe  4";"116685";"So";"06.09.2020";"15:00";"FC Länggasse";"4.";"10311";"AS Ital Fulgor";"4.";"10395";"Länggasse, Bern - Fussballfeld Länggasse";"Länggasse";"Bern";"Fussballfeld Länggasse";
"Meisterschaft";"";"3. Liga / - / Gruppe  5";"117521";"Fr";"11.09.2020";"19:45";"FC Bolligen b";"3.";"10346";"FC Länggasse";"3.";"10311";"Sportplatz Wegmühle, Bolligen - Hauptplatz";"Sportplatz Wegmühle";"Bolligen";"Hauptplatz";
"Meisterschaft";"";"Senioren 30+ / MFV - Herbstrunde / Gruppe  2";"119206";"Fr";"11.09.2020";"20:30";"FC Prishtina Bern";"Sen.30+";"10354";"FC Länggasse";"Sen.30+";"10311";"Bodenweid, Bern - Kunstrasenfeld Bodenweid 2";"Bodenweid";"Bern";"Kunstrasenfeld Bodenweid 2";
"Meisterschaft";"";"Junioren C 1. Stärkeklasse / Herbstrunde / Gruppe  2";"111652";"Sa";"12.09.2020";"11:00";"SC Münchenbuchsee a";"Jun.C 1/S";"10314";"FC Länggasse a";"Jun.C 1/S";"10311";"Hirzenfeld, Münchenbuchsee - Hirzenfeld";"Hirzenfeld";"Münchenbuchsee";"Hirzenfeld";
"Meisterschaft";"";"Junioren D/9 / MFV - Stkl. 2 - Herbstrunde / Gruppe  1";"126370";"Sa";"12.09.2020";"13:00";"SC Worb a";"Jun.D/9";"10328";"FC Länggasse a";"Jun.D/9";"10311";"Worbboden, Worb - Nebenplatz 1 (Spielwiese)";"Worbboden";"Worb";"Nebenplatz 1 (Spielwiese)";
"Meisterschaft";"";"Junioren D/9 / MFV - Stkl. 3 - Herbstrunde / Gruppe  2";"126577";"Sa";"12.09.2020";"15:00";"Team Grauholz b";"Jun.D/9";"10335";"FC Länggasse b";"Jun.D/9";"10311";"Hubelgut, Worblaufen - Hauptplatz";"Hubelgut";"Worblaufen";"Hauptplatz";
"Meisterschaft";"";"2. Liga / Regional / Gruppe  1";"111697";"Sa";"12.09.2020";"19:00";"FC Prishtina Bern";"2.";"10354";"FC Länggasse";"2.";"10311";"Bodenweid, Bern - Kunstrasenfeld Bodenweid 2";"Bodenweid";"Bern";"Kunstrasenfeld Bodenweid 2";
"Meisterschaft";"";"Juniorinnen FF-12 / Herbstrunde / -";"113887";"So";"13.09.2020";"11:30";"FC Wyler";"FF-12";"10308";"FC Länggasse";"FF-12";"10311";"Wyler, Bern - Kunstrasenfeld Wyler";"Wyler";"Bern";"Kunstrasenfeld Wyler";
"Meisterschaft";"";"Junioren B 2. Stärkeklasse / Herbstrunde / Gruppe  2";"112411";"So";"13.09.2020";"12:30";"FC Länggasse";"Jun.B 2/S";"10311";"SC Wohlensee / Radelfingen";"Jun.B 2/S";"10390";"Länggasse, Bern - Fussballfeld Länggasse";"Länggasse";"Bern";"Fussballfeld Länggasse";
"Meisterschaft";"";"4. Liga / - / Gruppe  4";"116691";"So";"13.09.2020";"13:00";"SC Worb";"4.";"10328";"FC Länggasse";"4.";"10311";"Niederhaus (Worb-Richigen), Worb - Nebenplatz";"Niederhaus (Worb-Richigen)";"Worb";"Nebenplatz";
"Meisterschaft";"";"Junioren C 2. Stärkeklasse / Herbstrunde / Gruppe  3";"112558";"Di";"15.09.2020";"18:30";"SC Wohlensee a";"Jun.C 2/S";"10390";"FC Länggasse b";"Jun.C 2/S";"10311";"Ey, Hinterkappelen - Nebenplatz";"Ey";"Hinterkappelen";"Nebenplatz";
"Meisterschaft";"";"Senioren 30+ / MFV - Herbstrunde / Gruppe  2";"119210";"Sa";"19.09.2020";"14:00";"FC Länggasse";"Sen.30+";"10311";"SC Holligen 94";"Sen.30+";"10318";"Länggasse, Bern - Fussballfeld Länggasse";"Länggasse";"Bern";"Fussballfeld Länggasse";
"Meisterschaft";"";"3. Liga / - / Gruppe  5";"117524";"Sa";"19.09.2020";"16:30";"FC Länggasse";"3.";"10311";"FC Zollikofen";"3.";"10331";"Stadion Neufeld, Bern - Kunstrasenfeld Neufeld 1";"Stadion Neufeld";"Bern";"Kunstrasenfeld Neufeld 1";
"Meisterschaft";"";"4. Liga / - / Gruppe  4";"116696";"Sa";"19.09.2020";"16:30";"FC Länggasse";"4.";"10311";"FC Belp b";"4.";"10301";"Länggasse, Bern - Fussballfeld Länggasse";"Länggasse";"Bern";"Fussballfeld Länggasse";
"Meisterschaft";"";"Frauen 3. Liga / - / Gruppe  1";"113506";"Sa";"19.09.2020";"18:00";"FC Weissenstein Bern";"3.LF";"10323";"FC Länggasse";"3.LF";"10311";"Weissenstein, Bern - Fussballfeld Weissenstein 1";"Weissenstein";"Bern";"Fussballfeld Weissenstein 1";
"Meisterschaft";"";"3. Liga / - / Gruppe  5";"117534";"Sa";"26.09.2020";"15:00";"FC Iberico Bienne";"3.";"10238";"FC Länggasse";"3.";"10311";"Längfeld 2, Biel - Hauptplatz";"Längfeld 2";"Biel";"Hauptplatz";
"Meisterschaft";"";"2. Liga / Regional / Gruppe  1";"111700";"So";"27.09.2020";"10:00";"FC Länggasse";"2.";"10311";"FC Rothorn";"2.";"10501";"Stadion Neufeld, Bern - Kunstrasenfeld Neufeld 1";"Stadion Neufeld";"Bern";"Kunstrasenfeld Neufeld 1";
"Meisterschaft";"";"Frauen 3. Liga / - / Gruppe  1";"113508";"So";"27.09.2020";"12:30";"FC Länggasse";"3.LF";"10311";"FC Schüpfen";"3.LF";"10321";"Länggasse, Bern - Fussballfeld Länggasse";"Länggasse";"Bern";"Fussballfeld Länggasse";
"Meisterschaft";"";"4. Liga / - / Gruppe  4";"116704";"So";"27.09.2020";"14:00";"Ostbärn FC b";"4.";"10368";"FC Länggasse";"4.";"10311";"Murifeld, Bern - Fussballfeld Murifeld";"Murifeld";"Bern";"Fussballfeld Murifeld";
"Meisterschaft";"";"3. Liga / - / Gruppe  5";"117535";"Sa";"03.10.2020";"";"FC Grünstern a";"3.";"10211";"FC Länggasse";"3.";"10311";"Gemeindesportplatz Ipsach, Ipsach - Hauptplatz";"Gemeindesportplatz Ipsach";"Ipsach";"Hauptplatz";
"Meisterschaft";"";"2. Liga / Regional / Gruppe  1";"111710";"Sa";"03.10.2020";"16:00";"AS Italiana";"2.";"10333";"FC Länggasse";"2.";"10311";"Weissenstein, Bern - Fussballfeld Weissenstein 1";"Weissenstein";"Bern";"Fussballfeld Weissenstein 1";
"Meisterschaft";"";"4. Liga / - / Gruppe  4";"116707";"So";"04.10.2020";"12:30";"FC Länggasse";"4.";"10311";"FC Hasle-Rüegsau";"4.";"10402";"Länggasse, Bern - Fussballfeld Länggasse";"Länggasse";"Bern";"Fussballfeld Länggasse";
"Meisterschaft";"";"Frauen 3. Liga / - / Gruppe  1";"113515";"Mi";"07.10.2020";"20:00";"FC Grosshöchstetten-Schlosswil";"3.LF";"10434";"FC Länggasse";"3.LF";"10311";"Mutti, Biglen - Nebenplatz";"Mutti";"Biglen";"Nebenplatz";
"Meisterschaft";"";"Senioren 30+ / MFV - Herbstrunde / Gruppe  2";"119215";"Fr";"09.10.2020";"20:45";"Team YB / Wyler";"Sen.30+";"10308";"FC Länggasse";"Sen.30+";"10311";"Wyler, Bern - Fussballfeld Wyler 2";"Wyler";"Bern";"Fussballfeld Wyler 2";
"Meisterschaft";"";"Juniorinnen FF-12 / Herbstrunde / -";"113891";"Sa";"10.10.2020";"11:30";"FC Länggasse";"FF-12";"10311";"FC Frutigen";"FF-12";"10504";"Länggasse, Bern - Fussballfeld Länggasse";"Länggasse";"Bern";"Fussballfeld Länggasse";
"Meisterschaft";"";"Junioren C 1. Stärkeklasse / Herbstrunde / Gruppe  2";"111660";"Sa";"10.10.2020";"14:00";"FC Länggasse a";"Jun.C 1/S";"10311";"FC Wyler a";"Jun.C 1/S";"10308";"Länggasse, Bern - Fussballfeld Länggasse";"Länggasse";"Bern";"Fussballfeld Länggasse";
"Meisterschaft";"";"Junioren B 2. Stärkeklasse / Herbstrunde / Gruppe  2";"112420";"Sa";"10.10.2020";"16:30";"FC Länggasse";"Jun.B 2/S";"10311";"FC Breitenrain b";"Jun.B 2/S";"10330";"Länggasse, Bern - Fussballfeld Länggasse";"Länggasse";"Bern";"Fussballfeld Länggasse";
"Meisterschaft";"";"4. Liga / - / Gruppe  4";"116717";"Sa";"10.10.2020";"17:30";"FC Münsingen";"4.";"10315";"FC Länggasse";"4.";"10311";"Sandreutenen, Münsingen - Kunststoffrasenplatz";"Sandreutenen";"Münsingen";"Kunststoffrasenplatz";
"Meisterschaft";"";"3. Liga / - / Gruppe  5";"117546";"Sa";"10.10.2020";"19:00";"FC Länggasse";"3.";"10311";"FC Aurore Bienne b";"3.";"10202";"Stadion Neufeld, Bern - Kunstrasenfeld Neufeld 1";"Stadion Neufeld";"Bern";"Kunstrasenfeld Neufeld 1";
"Meisterschaft";"";"2. Liga / Regional / Gruppe  1";"111711";"So";"11.10.2020";"16:15";"FC Bosporus";"2.";"10347";"FC Länggasse";"2.";"10311";"Wyler, Bern - Kunstrasenfeld Wyler";"Wyler";"Bern";"Kunstrasenfeld Wyler";
"Meisterschaft";"";"Junioren C 1. Stärkeklasse / Herbstrunde / Gruppe  2";"111661";"Sa";"17.10.2020";"";"FC Sternenberg";"Jun.C 1/S";"10397";"FC Länggasse a";"Jun.C 1/S";"10311";"Schlatt, Gasel - Hauptplatz";"Schlatt";"Gasel";"Hauptplatz";
"Meisterschaft";"";"Juniorinnen FF-12 / Herbstrunde / -";"113894";"Sa";"17.10.2020";"14:00";"FC Bern 1894";"FF-12";"10302";"FC Länggasse";"FF-12";"10311";"Stadion Neufeld, Bern - Kunstrasenfeld Neufeld 1";"Stadion Neufeld";"Bern";"Kunstrasenfeld Neufeld 1";
"Meisterschaft";"";"Senioren 30+ / MFV - Herbstrunde / Gruppe  2";"119217";"Sa";"17.10.2020";"14:00";"FC Länggasse";"Sen.30+";"10311";"FC Bolligen";"Sen.30+";"10346";"Länggasse, Bern - Fussballfeld Länggasse";"Länggasse";"Bern";"Fussballfeld Länggasse";
"Meisterschaft";"";"Junioren D/9 / MFV - Stkl. 2 - Herbstrunde / Gruppe  1";"126374";"Sa";"17.10.2020";"16:30";"FC Länggasse a";"Jun.D/9";"10311";"FC Sternenberg a";"Jun.D/9";"10397";"Länggasse, Bern - Fussballfeld Länggasse";"Länggasse";"Bern";"Fussballfeld Länggasse";
"Meisterschaft";"";"4. Liga / - / Gruppe  4";"116718";"Sa";"17.10.2020";"17:00";"FC Schönbühl";"4.";"10320";"FC Länggasse";"4.";"10311";"Sand West, Schönbühl - Sand West";"Sand West";"Schönbühl";"Sand West";
"Meisterschaft";"";"3. Liga / - / Gruppe  5";"117548";"Sa";"17.10.2020";"17:30";"FC Täuffelen";"3.";"10229";"FC Länggasse";"3.";"10311";"Rüti, Täuffelen - Hauptplatz";"Rüti";"Täuffelen";"Hauptplatz";
"Meisterschaft";"";"2. Liga / Regional / Gruppe  1";"111722";"So";"18.10.2020";"10:00";"FC Länggasse";"2.";"10311";"FC Muri-Gümligen";"2.";"10316";"Stadion Neufeld, Bern - Kunstrasenfeld Neufeld 1";"Stadion Neufeld";"Bern";"Kunstrasenfeld Neufeld 1";
"Meisterschaft";"";"Junioren D/9 / MFV - Stkl. 3 - Herbstrunde / Gruppe  2";"126579";"So";"18.10.2020";"10:00";"FC Länggasse b";"Jun.D/9";"10311";"SC Worb c";"Jun.D/9";"10328";"Länggasse, Bern - Fussballfeld Länggasse";"Länggasse";"Bern";"Fussballfeld Länggasse";
"Meisterschaft";"";"Junioren C 2. Stärkeklasse / Herbstrunde / Gruppe  3";"112564";"So";"18.10.2020";"12:30";"FC Länggasse b";"Jun.C 2/S";"10311";"FC Goldstern b";"Jun.C 2/S";"10306";"Länggasse, Bern - Fussballfeld Länggasse";"Länggasse";"Bern";"Fussballfeld Länggasse";
"Meisterschaft";"Null zu Null - Null Punkte";"Junioren B 2. Stärkeklasse / Herbstrunde / Gruppe  2";"112424";"So";"18.10.2020";"13:00";"AS Italiana";"Jun.B 2/S";"10333";"FC Länggasse";"Jun.B 2/S";"10311";"Weissenstein, Bern - Fussballfeld Weissenstein 1";"Weissenstein";"Bern";"Fussballfeld Weissenstein 1";
"Meisterschaft";"";"Frauen 3. Liga / - / Gruppe  1";"113523";"So";"18.10.2020";"15:00";"FC Länggasse";"3.LF";"10311";"SC Holligen 94";"3.LF";"10318";"Länggasse, Bern - Fussballfeld Länggasse";"Länggasse";"Bern";"Fussballfeld Länggasse";
"Meisterschaft";"";"Senioren 30+ / MFV - Herbstrunde / Gruppe  2";"119224";"Do";"22.10.2020";"20:00";"FC Weissenstein Bern";"Sen.30+";"10323";"FC Länggasse";"Sen.30+";"10311";"Weissenstein, Bern - Fussballfeld Weissenstein 1";"Weissenstein";"Bern";"Fussballfeld Weissenstein 1";
"Meisterschaft";"";"Junioren D/9 / MFV - Stkl. 3 - Herbstrunde / Gruppe  2";"126584";"Sa";"24.10.2020";"10:30";"SC Jegenstorf b";"Jun.D/9";"10343";"FC Länggasse b";"Jun.D/9";"10311";"Gyrisberg, Jegenstorf - Nebenplatz GyrisbergSpielwiese";"Gyrisberg";"Jegenstorf";"Nebenplatz GyrisbergSpielwiese";
"Meisterschaft";"";"Junioren D/9 / MFV - Stkl. 2 - Herbstrunde / Gruppe  1";"126378";"Sa";"24.10.2020";"11:30";"FC Bern 1894 b";"Jun.D/9";"10302";"FC Länggasse a";"Jun.D/9";"10311";"Stadion Neufeld, Bern - Kunstrasenfeld Neufeld 1";"Stadion Neufeld";"Bern";"Kunstrasenfeld Neufeld 1";
"Meisterschaft";"";"Juniorinnen FF-12 / Herbstrunde / -";"113896";"Sa";"24.10.2020";"14:00";"FC Länggasse";"FF-12";"10311";"FC Ostermundigen a";"FF-12";"10317";"Länggasse, Bern - Fussballfeld Länggasse";"Länggasse";"Bern";"Fussballfeld Länggasse";
"Meisterschaft";"";"2. Liga / Regional / Gruppe  1";"111724";"Sa";"24.10.2020";"16:00";"SC Bümpliz 78";"2.";"10303";"FC Länggasse";"2.";"10311";"Bodenweid, Bern - Kunstrasenfeld Bodenweid 1";"Bodenweid";"Bern";"Kunstrasenfeld Bodenweid 1";
"Meisterschaft";"";"3. Liga / - / Gruppe  5";"117557";"Sa";"24.10.2020";"16:30";"FC Länggasse";"3.";"10311";"FC Schüpfen";"3.";"10321";"Stadion Neufeld, Bern - Kunstrasenfeld Neufeld 1";"Stadion Neufeld";"Bern";"Kunstrasenfeld Neufeld 1";
"Meisterschaft";"";"Junioren B 2. Stärkeklasse / Herbstrunde / Gruppe  2";"112413";"So";"25.10.2020";"12:00";"SCI Esperia 1927";"Jun.B 2/S";"10362";"FC Länggasse";"Jun.B 2/S";"10311";"Murifeld, Bern - Fussballfeld Murifeld";"Murifeld";"Bern";"Fussballfeld Murifeld";
"Meisterschaft";"";"Junioren C 2. Stärkeklasse / Herbstrunde / Gruppe  3";"112557";"So";"25.10.2020";"12:30";"FC Länggasse b";"Jun.C 2/S";"10311";"SC Thörishaus a";"Jun.C 2/S";"10381";"Länggasse, Bern - Fussballfeld Länggasse";"Länggasse";"Bern";"Fussballfeld Länggasse";
"Meisterschaft";"";"4. Liga / - / Gruppe  4";"116729";"So";"25.10.2020";"15:00";"FC Länggasse";"4.";"10311";"SCI Esperia 1927";"4.";"10362";"Länggasse, Bern - Fussballfeld Länggasse";"Länggasse";"Bern";"Fussballfeld Länggasse";
"Meisterschaft";"";"Frauen 3. Liga / - / Gruppe  1";"113488";"So";"25.10.2020";"16:00";"FC Frutigen";"3.LF";"10504";"FC Länggasse";"3.LF";"10311";"Wengmatti, Mike Schmid-Olympiastrasse 4 - Hauptplatz";"Wengmatti";"Mike Schmid-Olympiastrasse 4";"Hauptplatz";
"Meisterschaft";"";"Junioren C 2. Stärkeklasse / Herbstrunde / Gruppe  3";"112567";"Sa";"31.10.2020";"11:00";"BSC YB-Frauen U-15";"Jun.C 2/S";"10701";"FC Länggasse b";"Jun.C 2/S";"10311";"Wyler, Bern - Kunstrasenfeld Wyler";"Wyler";"Bern";"Kunstrasenfeld Wyler";
"Meisterschaft";"";"2. Liga / Regional / Gruppe  1";"111733";"Sa";"31.10.2020";"16:30";"FC Länggasse";"2.";"10311";"FC Ostermundigen";"2.";"10317";"Stadion Neufeld, Bern - Kunstrasenfeld Neufeld 2";"Stadion Neufeld";"Bern";"Kunstrasenfeld Neufeld 2";
"Meisterschaft";"";"Junioren B 2. Stärkeklasse / Herbstrunde / Gruppe  2";"112429";"So";"01.11.2020";"12:30";"FC Länggasse";"Jun.B 2/S";"10311";"FC Gerzensee";"Jun.B 2/S";"10380";"Stadion Neufeld, Bern - Kunstrasenfeld Neufeld 1";"Stadion Neufeld";"Bern";"Kunstrasenfeld Neufeld 1";
"Meisterschaft";"";"Junioren C 1. Stärkeklasse / Herbstrunde / Gruppe  2";"111667";"So";"01.11.2020";"12:30";"FC Länggasse a";"Jun.C 1/S";"10311";"SC Holligen 94";"Jun.C 1/S";"10318";"Stadion Neufeld, Bern - Kunstrasenfeld Neufeld 2";"Stadion Neufeld";"Bern";"Kunstrasenfeld Neufeld 2";
"Meisterschaft";"";"4. Liga / - / Gruppe  4";"116731";"Sa";"03.04.2021";"";"FC Länggasse";"4.";"10311";"FC Köniz";"4.";"10309";"Länggasse, Bern - Fussballfeld Länggasse";"Länggasse";"Bern";"Fussballfeld Länggasse";
"Meisterschaft";"";"Frauen 3. Liga / - / Gruppe  1";"113537";"Mo";"05.04.2021";"";"SC Thörishaus";"3.LF";"10381";"FC Länggasse";"3.LF";"10311";"Stucki, Thörishaus - Hauptplatz";"Stucki";"Thörishaus";"Hauptplatz";
"Meisterschaft";"";"2. Liga / Regional / Gruppe  1";"111737";"Mo";"05.04.2021";"";"FC Länggasse";"2.";"10311";"FC Weissenstein Bern";"2.";"10323";"Länggasse, Bern - Fussballfeld Länggasse";"Länggasse";"Bern";"Fussballfeld Länggasse";
"Meisterschaft";"";"3. Liga / - / Gruppe  5";"117561";"Mo";"05.04.2021";"";"FC Länggasse";"3.";"10311";"SC Grafenried";"3.";"10307";"Länggasse, Bern - Fussballfeld Länggasse";"Länggasse";"Bern";"Fussballfeld Länggasse";
"Meisterschaft";"";"2. Liga / Regional / Gruppe  1";"111744";"Sa";"10.04.2021";"17:00";"SV Meiringen";"2.";"10502";"FC Länggasse";"2.";"10311";"Wiltschen, Meiringen - Hauptplatz";"Wiltschen";"Meiringen";"Hauptplatz";
"Meisterschaft";"";"3. Liga / - / Gruppe  5";"117568";"Sa";"10.04.2021";"18:00";"FC Ins";"3.";"10213";"FC Länggasse";"3.";"10311";"Rötschmatte, Ins - Hauptplatz";"Rötschmatte";"Ins";"Hauptplatz";
"Meisterschaft";"";"4. Liga / - / Gruppe  4";"116740";"Sa";"10.04.2021";"20:30";"FC Wyler a";"4.";"10308";"FC Länggasse";"4.";"10311";"Wyler, Bern - Kunstrasenfeld Wyler";"Wyler";"Bern";"Kunstrasenfeld Wyler";
"Meisterschaft";"";"Frauen 3. Liga / - / Gruppe  1";"113542";"So";"11.04.2021";"12:30";"FC Länggasse";"3.LF";"10311";"FC Weissenstein Bern";"3.LF";"10323";"Länggasse, Bern - Fussballfeld Länggasse";"Länggasse";"Bern";"Fussballfeld Länggasse";
"Meisterschaft";"";"3. Liga / - / Gruppe  5";"117574";"Sa";"17.04.2021";"16:30";"FC Länggasse";"3.";"10311";"FC Aarberg";"3.";"10201";"Länggasse, Bern - Fussballfeld Länggasse";"Länggasse";"Bern";"Fussballfeld Länggasse";
"Meisterschaft";"";"Frauen 3. Liga / - / Gruppe  1";"113544";"Sa";"17.04.2021";"18:00";"FC Schüpfen";"3.LF";"10321";"FC Länggasse";"3.LF";"10311";"Rohrmatt, Schüpfen - Hauptplatz";"Rohrmatt";"Schüpfen";"Hauptplatz";
"Meisterschaft";"";"2. Liga / Regional / Gruppe  1";"111750";"So";"18.04.2021";"10:00";"FC Länggasse";"2.";"10311";"FC Steffisburg";"2.";"10513";"Länggasse, Bern - Fussballfeld Länggasse";"Länggasse";"Bern";"Fussballfeld Länggasse";
"Meisterschaft";"";"4. Liga / - / Gruppe  4";"116744";"So";"18.04.2021";"12:30";"FC Länggasse";"4.";"10311";"FC Weissenstein Bern";"4.";"10323";"Länggasse, Bern - Fussballfeld Länggasse";"Länggasse";"Bern";"Fussballfeld Länggasse";
"Meisterschaft";"";"3. Liga / - / Gruppe  5";"117579";"Sa";"24.04.2021";"";"SV Lyss";"3.";"10215";"FC Länggasse";"3.";"10311";"Sportzentrum Grien, Lyss - Grien 1";"Sportzentrum Grien";"Lyss";"Grien 1";
"Meisterschaft";"";"2. Liga / Regional / Gruppe  1";"111755";"Sa";"24.04.2021";"16:30";"FC Bern 1894";"2.";"10302";"FC Länggasse";"2.";"10311";"Stadion Neufeld, Bern - Fussballfeld Stadion Neufeld 1";"Stadion Neufeld";"Bern";"Fussballfeld Stadion Neufeld 1";
"Meisterschaft";"";"4. Liga / - / Gruppe  4";"116751";"Sa";"24.04.2021";"18:00";"AS Ital Fulgor";"4.";"10395";"FC Länggasse";"4.";"10311";"Giessenbad, Belp - Kunststoffrasenplatz";"Giessenbad";"Belp";"Kunststoffrasenplatz";
"Meisterschaft";"";"Frauen 3. Liga / - / Gruppe  1";"113551";"So";"25.04.2021";"12:30";"FC Länggasse";"3.LF";"10311";"FC Grosshöchstetten-Schlosswil";"3.LF";"10434";"Länggasse, Bern - Fussballfeld Länggasse";"Länggasse";"Bern";"Fussballfeld Länggasse";
"Meisterschaft";"";"3. Liga / - / Gruppe  5";"117587";"Sa";"01.05.2021";"16:30";"FC Länggasse";"3.";"10311";"FC Bolligen b";"3.";"10346";"Länggasse, Bern - Fussballfeld Länggasse";"Länggasse";"Bern";"Fussballfeld Länggasse";
"Meisterschaft";"";"2. Liga / Regional / Gruppe  1";"111763";"So";"02.05.2021";"10:00";"FC Länggasse";"2.";"10311";"FC Prishtina Bern";"2.";"10354";"Länggasse, Bern - Fussballfeld Länggasse";"Länggasse";"Bern";"Fussballfeld Länggasse";
"Meisterschaft";"";"4. Liga / - / Gruppe  4";"116757";"So";"02.05.2021";"12:30";"FC Länggasse";"4.";"10311";"SC Worb";"4.";"10328";"Länggasse, Bern - Fussballfeld Länggasse";"Länggasse";"Bern";"Fussballfeld Länggasse";
"Meisterschaft";"";"4. Liga / - / Gruppe  4";"116762";"Sa";"08.05.2021";"";"FC Belp b";"4.";"10301";"FC Länggasse";"4.";"10311";"Giessenbad, Belp - Kunststoffrasenplatz";"Giessenbad";"Belp";"Kunststoffrasenplatz";
"Meisterschaft";"";"2. Liga / Regional / Gruppe  1";"111766";"Sa";"08.05.2021";"17:00";"FC Rothorn";"2.";"10501";"FC Länggasse";"2.";"10311";"Schwanden, Schwanden b.Brienz - Lamm";"Schwanden";"Schwanden b.Brienz";"Lamm";
"Meisterschaft";"";"3. Liga / - / Gruppe  5";"117590";"Sa";"08.05.2021";"17:30";"FC Zollikofen";"3.";"10331";"FC Länggasse";"3.";"10311";"Gemeindesportplatz, Zollikofen - Hauptplatz";"Gemeindesportplatz";"Zollikofen";"Hauptplatz";
"Meisterschaft";"";"Frauen 3. Liga / - / Gruppe  1";"113559";"Sa";"08.05.2021";"19:30";"SC Holligen 94";"3.LF";"10318";"FC Länggasse";"3.LF";"10311";"Steigerhubel, Bern - Fussballfeld Steigerhubel 1";"Steigerhubel";"Bern";"Fussballfeld Steigerhubel 1";
"Meisterschaft";"";"3. Liga / - / Gruppe  5";"117600";"Sa";"15.05.2021";"16:30";"FC Länggasse";"3.";"10311";"FC Iberico Bienne";"3.";"10238";"Länggasse, Bern - Fussballfeld Länggasse";"Länggasse";"Bern";"Fussballfeld Länggasse";
"Meisterschaft";"";"2. Liga / Regional / Gruppe  1";"111776";"So";"16.05.2021";"10:00";"FC Länggasse";"2.";"10311";"AS Italiana";"2.";"10333";"Länggasse, Bern - Fussballfeld Länggasse";"Länggasse";"Bern";"Fussballfeld Länggasse";
"Meisterschaft";"";"Frauen 3. Liga / - / Gruppe  1";"113524";"So";"16.05.2021";"12:30";"FC Länggasse";"3.LF";"10311";"FC Frutigen";"3.LF";"10504";"Länggasse, Bern - Fussballfeld Länggasse";"Länggasse";"Bern";"Fussballfeld Länggasse";
"Meisterschaft";"";"4. Liga / - / Gruppe  4";"116770";"So";"16.05.2021";"12:30";"FC Länggasse";"4.";"10311";"Ostbärn FC b";"4.";"10368";"Länggasse, Bern - Fussballfeld Länggasse";"Länggasse";"Bern";"Fussballfeld Länggasse";
"Meisterschaft";"";"4. Liga / - / Gruppe  4";"116773";"Sa";"22.05.2021";"18:00";"FC Hasle-Rüegsau";"4.";"10402";"FC Länggasse";"4.";"10311";"Sonnematte, Rüegsauschachen - Hauptplatz";"Sonnematte";"Rüegsauschachen";"Hauptplatz";
"Meisterschaft";"";"Frauen 3. Liga / - / Gruppe  1";"113530";"Sa";"22.05.2021";"18:15";"Oberemmental 05";"3.LF";"10401";"FC Länggasse";"3.LF";"10311";"Moos Langnau iE, Langnau - Hauptplatz";"Moos Langnau iE";"Langnau";"Hauptplatz";
"Meisterschaft";"";"2. Liga / Regional / Gruppe  1";"111777";"Mo";"24.05.2021";"";"FC Länggasse";"2.";"10311";"FC Bosporus";"2.";"10347";"Länggasse, Bern - Fussballfeld Länggasse";"Länggasse";"Bern";"Fussballfeld Länggasse";
"Meisterschaft";"";"3. Liga / - / Gruppe  5";"117601";"Mo";"24.05.2021";"";"FC Länggasse";"3.";"10311";"FC Grünstern a";"3.";"10211";"Länggasse, Bern - Fussballfeld Länggasse";"Länggasse";"Bern";"Fussballfeld Länggasse";
"Meisterschaft";"";"2. Liga / Regional / Gruppe  1";"111788";"Sa";"29.05.2021";"";"FC Muri-Gümligen";"2.";"10316";"FC Länggasse";"2.";"10311";"Sportzentrum Füllerich, Gümligen - Füllerich 1";"Sportzentrum Füllerich";"Gümligen";"Füllerich 1";
"Meisterschaft";"";"Frauen 3. Liga / - / Gruppe  1";"113533";"So";"30.05.2021";"12:30";"FC Länggasse";"3.LF";"10311";"FC Spiez";"3.LF";"10505";"Länggasse, Bern - Fussballfeld Länggasse";"Länggasse";"Bern";"Fussballfeld Länggasse";
"Meisterschaft";"";"4. Liga / - / Gruppe  4";"116783";"So";"30.05.2021";"12:30";"FC Länggasse";"4.";"10311";"FC Münsingen";"4.";"10315";"Länggasse, Bern - Fussballfeld Länggasse";"Länggasse";"Bern";"Fussballfeld Länggasse";
"Meisterschaft";"";"3. Liga / - / Gruppe  5";"117612";"So";"30.05.2021";"14:00";"FC Aurore Bienne b";"3.";"10202";"FC Länggasse";"3.";"10311";"Tilleul-Linde,   - Hauptplatz";"Tilleul-Linde";" ";"Hauptplatz";
"Meisterschaft";"";"2. Liga / Regional / Gruppe  1";"111790";"Sa";"05.06.2021";"16:00";"FC Länggasse";"2.";"10311";"SC Bümpliz 78";"2.";"10303";"Länggasse, Bern - Fussballfeld Länggasse";"Länggasse";"Bern";"Fussballfeld Länggasse";
"Meisterschaft";"";"3. Liga / - / Gruppe  5";"117614";"Sa";"05.06.2021";"18:00";"FC Länggasse";"3.";"10311";"FC Täuffelen";"3.";"10229";"Länggasse, Bern - Fussballfeld Länggasse";"Länggasse";"Bern";"Fussballfeld Länggasse";
"Meisterschaft";"";"4. Liga / - / Gruppe  4";"116784";"So";"06.06.2021";"12:30";"FC Länggasse";"4.";"10311";"FC Schönbühl";"4.";"10320";"Länggasse, Bern - Fussballfeld Länggasse";"Länggasse";"Bern";"Fussballfeld Länggasse";
"Meisterschaft";"";"4. Liga / - / Gruppe  4";"116795";"Sa";"12.06.2021";"18:00";"SCI Esperia 1927";"4.";"10362";"FC Länggasse";"4.";"10311";"Murifeld, Bern - Fussballfeld Murifeld";"Murifeld";"Bern";"Fussballfeld Murifeld";
"Meisterschaft";"";"2. Liga / Regional / Gruppe  1";"111799";"So";"13.06.2021";"10:15";"FC Ostermundigen";"2.";"10317";"FC Länggasse";"2.";"10311";"Oberfeld, Ostermundigen - Hauptplatz";"Oberfeld";"Ostermundigen";"Hauptplatz";
"Meisterschaft";"";"3. Liga / - / Gruppe  5";"117623";"So";"13.06.2021";"14:00";"FC Schüpfen";"3.";"10321";"FC Länggasse";"3.";"10311";"Rohrmatt, Schüpfen - Hauptplatz";"Rohrmatt";"Schüpfen";"Hauptplatz";
